unite,united,Past;Part
look,look,Inf
experience,experience,Inf
focus,focus,Inf
have,have,Inf
involve,involving,Ger
make,making,Ger
take,takes,Pres;Fin
explore,exploring,Ger
inform,inform,Inf
describe,describes,Pres;Fin
focus,focusing,Ger
preserve,preserved,Past;Part
build,built,Past;Part
focus,focused,Past;Part
complete,completed,Part;Pass
report,report,Pres;Fin
provide,provided,Past;Part
view,viewing,Ger
assess,assess,Inf
write,written,Past;Part
discuss,discuss,Inf
bring,brings,Pres;Fin
establish,established,Past;Part
explore,explore,Inf
use,using,Ger
develop,develops,Pres;Fin
regard,regarding,Ger
gather,gathers,Pres;Fin
intersperse,interspersed,Past;Part
call,called,Past;Part
determine,determined,Part;Pass
study,studying,Ger
offer,offers,Pres;Fin
depend,depend,Inf
highlight,highlighted,Past;Part
transform,transform,Inf
understand,understand,Pres;Fin
see,see,Inf
have,has,Pres;Fin
understand,understood,Part;Pass
use,used,Past;Fin
be,are,Pres;Fin
investigate,investigate,Inf
evaluate,evaluated,Part;Pass
encourage,encouraged,Part;Pass
approach,approach,Inf
investigate,investigated,Past;Fin
provide,provides,Pres;Fin
offer,offer,Inf
play,play,Inf
determine,determining,Ger
establish,establish,Pres;Fin
influence,influenced,Part;Pass
include,including,Ger
show,shows,Pres;Fin
lead,lead,Inf
improve,improved,Past;Part
pair,pairing,Ger
complement,complement,Pres;Fin
augment,augment,Pres;Fin
show,shown,Part;Pass
produce,produce,Inf
facilitate,facilitate,Inf
quantify,quantifying,Ger
remain,remains,Pres;Fin
measure,measuring,Ger
expand,expanding,Ger
understand,understanding,Ger
conduct,conducted,Part;Pass
enhance,enhanced,Part;Pass
be,is,Pres;Fin
define,define,Inf
vary,vary,Pres;Fin
organize,organized,Part;Pass
approximate,approximates,Pres;Fin
lack,lack,Pres;Fin
encompass,encompassing,Ger
distribute,distributed,Part;Pass
base,based,Past;Part
assemble,assembling,Ger
tend,tended,Past;Part
avoid,avoid,Inf
assemble,assembled,Past;Fin
shed,shed,Past;Part
evolve,evolving,Ger
change,changing,Ger
document,documents,Pres;Fin
provide,provide,Inf
suffer,suffer,Inf
inject,inject,Inf
make,make,Inf
wash,washed,Part;Pass
mask,masking,Ger
present,present,Pres;Fin
assemble,assemble,Inf
adapt,adapted,Part;Pass
collect,collecting,Ger
require,required,Past;Part
do,do,Inf
provide,providing,Ger
have,having,Ger
rely,rely,Inf
study,study,Inf
change,changes,Pres;Fin
evaluate,evaluating,Ger
mean,meant,Past;Part
broaden,broaden,Inf
improve,improve,Inf
apply,applied,Past;Part
elucidate,elucidate,Inf
relate,relate,Inf
benefit,benefit,Inf
recollect,recollected,Past;Part
follow,follows,Pres;Fin
begin,begin,Pres;Fin
detail,detailing,Ger
demonstrate,demonstrates,Pres;Fin
compare,comparing,Ger
curate,curated,Past;Part
collect,collected,Past;Part
enable,enabled,Past;Part
use,uses,Pres;Fin
witness,witnessed,Past;Part
contribute,contributed,Past;Part
analyze,analyzed,Past;Part
argue,argues,Pres;Fin
involve,involve,Pres;Fin
outweigh,outweigh,Pres;Fin
take,take,Inf
define,defined,Past;Fin
determine,determine,Pres;Fin
affect,affect,Pres;Fin
stimulate,stimulating,Ger
discourage,discouraging,Ger
require,requires,Pres;Fin
reduce,reduces,Pres;Fin
exist,existing,Ger
guarantee,guarantees,Pres;Fin
believe,believe,Pres;Fin
take,taken,Part;Pass
achieve,achieving,Ger
guarantee,guarantee,Pres;Fin
incorporate,incorporate,Pres;Fin
promote,promote,Pres;Fin
promote,promoting,Ger
protect,protect,Inf
ensure,ensure,Inf
impose,imposing,Ger
penalize,penalizing,Ger
establish,establishes,Pres;Fin
adopt,adopted,Part;Pass
implement,implemented,Part;Pass
win,wins,Pres;Fin
adopt,adopts,Pres;Fin
develop,develop,Inf
implement,implementing,Ger
reflect,reflected,Part;Pass
increase,increased,Past;Part
consolidate,consolidated,Part;Pass
extract,extracts,Pres;Fin
oppose,oppose,Pres;Fin
result,results,Pres;Fin
devolve,devolving,Ger
occur,occur,Inf
restrict,restricting,Ger
create,creating,Ger
reflect,reflect,Inf
happen,happens,Pres;Fin
respect,respected,Part;Pass
exhibit,exhibits,Pres;Fin
present,presents,Pres;Fin
respect,respect,Inf
reduce,reduced,Part;Pass
result,result,Inf
act,acts,Pres;Fin
discuss,discussed,Past;Part
follow,following,Ger
attract,attract,Inf
originate,originated,Past;Fin
reflect,reflects,Pres;Fin
require,require,Inf
limit,limit,Inf
occur,occurred,Past;Part
break,broken,Part;Pass
give,giving,Ger
enjamb,enjambed,Past;Part
describe,described,Part;Pass
exist,exist,Pres;Fin
identify,identify,Inf
span,spanning,Ger
enable,enabling,Ger
give,given,Past;Part
develop,developed,Past;Part
identify,identifies,Pres;Fin
consider,considered,Part;Pass
trigger,trigger,Inf
permit,permits,Pres;Fin
stimulate,stimulate,Inf
complement,complements,Pres;Fin
cover,covering,Ger
structure,structured,Part;Pass
follow,followed,Past;Part
omit,omitted,Past;Part
match,match,Pres;Fin
suggest,suggested,Past;Fin
occur,occurs,Pres;Fin
connect,connected,Past;Part
trigger,triggering,Ger
perform,performed,Past;Fin
propose,proposing,Ger
give,give,Pres;Fin
break,break,Inf
break,breaking,Ger
translate,translated,Past;Fin
bound,bounded,Past;Part
head,heading,Ger
include,includes,Pres;Fin
identify,identified,Past;Part
note,noted,Past;Fin
feel,feel,Inf
pronounce,pronounced,Part;Pass
differentiate,differentiate,Inf
call,calls,Pres;Fin
gather,gather,Inf
propose,proposed,Part;Pass
review,reviews,Pres;Fin
choose,choose,Inf
distinguish,distinguish,Pres;Fin
know,known,Past;Part
satisfy,satisfy,Inf
know,know,Inf
utilize,utilize,Inf
guide,guide,Inf
enjoy,enjoy,Pres;Fin
use,use,Inf
assess,assessed,Part;Pass
mimic,mimic,Inf
live,live,Pres;Fin
pollute,polluted,Part;Pass
inflate,inflating,Ger
diminish,diminishes,Pres;Fin
deceive,deceiving,Ger
set,set,Inf
take,taking,Ger
advocate,advocate,Inf
have,had,Past;Part
intend,intended,Past;Part
muddy,muddying,Ger
mislead,misleading,Ger
think,thinking,Ger
speak,speaks,Pres;Fin
issue,issued,Past;Fin
condemn,condemning,Ger
mistake,mistook,Past;Fin
expect,expected,Part;Pass
allow,allows,Pres;Fin
encourage,encourages,Pres;Fin
introduce,introduces,Pres;Fin
involve,involved,Past;Part
mimick,mimicking,Ger
review,reviewed,Past;Part
hope,hoped,Past;Fin
leverage,leverage,Inf
endow,endow,Inf
uncover,uncovered,Part;Pass
publish,published,Past;Part
diminish,diminished,Part;Pass
grow,growing,Ger
publish,publish,Inf
appear,appear,Inf
work,work,Pres;Fin
appear,appears,Pres;Fin
pay,pay,Inf
engage,engaged,Past;Part
link,linking,Ger
question,questioning,Ger
decide,decided,Past;Fin
add,add,Inf
surround,surrounding,Ger
indicate,indicates,Pres;Fin
assess,assessing,Ger
expect,expect,Inf
lower,lowered,Part;Pass
blame,blame,Inf
discount,discount,Inf
note,note,Inf
stem,stem,Inf
game,game,Inf
put,put,Past;Part
track,track,Inf
consider,consider,2;Fin
credential,credentialing,Ger
credential,credential,Inf
come,come,Inf
inflate,inflate,Inf
increase,increasing,Ger
bring,bringing,Ger
attract,attracting,Ger
manipulate,manipulated,Part;Pass
attempt,attempted,Past;Fin
boost,boost,Inf
urge,urging,Ger
cite,cite,Inf
try,try,Inf
keep,keep,Inf
work,working,Ger
make,made,Past;Part
recur,recurring,Ger
suggest,suggest,Pres;Fin
improve,improving,Ger
perceive,perceive,Inf
better,better,Inf
consider,considering,Ger
maintain,maintaining,Ger
acquire,acquire,Inf
focus,focuses,Pres;Fin
suggest,suggests,Pres;Fin
do,done,Part;Pass
gain,gain,Inf
win,win,Inf
aim,aim,Pres;Fin
integrate,integrates,Pres;Fin
highlight,highlighting,Ger
solve,solving,Ger
combine,combines,Pres;Fin
collect,collects,Pres;Fin
participate,participating,Ger
measure,measures,Pres;Fin
consist,consisted,Past;Fin
divide,divided,Part;Pass
participate,participated,Past;Fin
monitor,monitoring,Ger
measure,measured,Past;Part
pair,paired,Past;Part
obtain,obtained,Past;Part
reveal,reveals,Pres;Fin
report,reported,Past;Fin
recognize,recognize,Pres;Fin
plan,plan,Inf
realize,realize,Inf
sustain,sustain,Inf
observe,observed,Past;Fin
emphasize,emphasizing,Ger
conclude,conclude,Pres;Fin
denote,denoted,Part;Pass
make,makes,Pres;Fin
sound,sound,Inf
speak,spoken,Past;Part
find,find,Pres;Fin
suggest,suggesting,Ger
hear,heard,Past;Part
say,said,Past;Fin
show,show,Pres;Fin
admit,admit,Inf
meet,meets,Pres;Fin
learn,learnt,Part;Pass
presume,presumed,Part;Pass
calibrate,calibrated,Part;Pass
address,address,Pres;Fin
observe,observe,Pres;Fin
fulfil,fulfils,Pres;Fin
share,shared,Past;Part
propose,propose,Pres;Fin
constrain,constrained,Part;Pass
utter,utters,Pres;Fin
initiate,initiated,Past;Part
signal,signals,Pres;Fin
leave,leaves,Pres;Fin
give,gives,Pres;Fin
lead,leads,Pres;Fin
drive,driving,Ger
compile,compiling,Ger
find,found,Past;Fin
examine,examining,Ger
occur,occurring,Ger
vary,varying,Ger
study,studied,Past;Fin
produce,produces,Pres;Fin
aim,aims,Pres;Fin
solve,solve,Inf
mark,mark,Inf
pursue,pursue,Inf
derive,derived,Past;Part
exclude,exclude,Pres;Fin
hypothesize,hypothesized,Past;Fin
posit,posited,Past;Fin
support,supported,Part;Pass
be,was,Past;Fin
be,be,Inf
seem,seem,2;Fin
limit,limited,Part;Pass
serve,serves,Pres;Fin
need,needs,Pres;Fin
include,included,Part;Pass
need,need,Pres;Fin
include,include,Inf
increase,increase,Inf
document,document,Inf
emerge,emerges,Pres;Fin
result,resulted,Past;Part
need,needed,Part;Pass
report,reporting,Ger
impact,impact,Inf
demonstrate,demonstrating,Ger
respond,responded,Past;Fin
answer,answered,Past;Fin
attempt,attempting,Pres;Part
please,please,Inf
respond,respond,Inf
pick,picked,Part;Pass
become,became,Past;Fin
accustom,accustomed,Part;Pass
play,playing,Ger
prove,prove,Inf
express,expressed,Part;Pass
indicate,indicated,Part;Pass
speak,speaking,Ger
demonstrate,demonstrate,Pres;Fin
differ,differing,Ger
bust,busted,Past;Part
develop,developing,Ger
segment,segmented,Past;Part
survive,survive,Inf
depend,depends,Pres;Fin
seem,seems,Pres;Fin
contain,contain,Pres;Fin
concern,concerning,Ger
emit,emitting,Ger
lead,leading,Pres;Part
group,grouped,Part;Pass
depend,depending,Ger
heat,heating,Ger
cool,cooling,Ger
light,lighting,Ger
operate,operating,Ger
consume,consume,Pres;Fin
play,plays,Pres;Fin
consume,consumes,Pres;Fin
generate,generated,Past;Part
estimate,estimated,Past;Part
improve,improves,Pres;Fin
end,end,Pres;Fin
choose,choosing,Ger
cause,cause,Pres;Fin
allow,allow,Inf
decrease,decrease,Inf
contain,containing,Ger
dispose,disposed,Part;Pass
release,released,Part;Pass
break,breaks,Pres;Fin
go,goes,Pres;Fin
emit,emits,Pres;Fin
interact,interacts,Pres;Fin
generate,generate,Inf
produce,produced,Past;Part
prolong,prolonged,Past;Part
repeat,repeated,Past;Part
compare,compared,Part;Pass
innovate,innovating,Ger
recycle,recycling,Ger
test,testing,Ger
present,presented,Past;Part
describe,describe,Pres;Fin
apply,applying,Ger
generate,generating,Ger
involve,involves,Pres;Fin
introduce,introducing,Ger
try,trying,Ger
test,test,Inf
associate,associated,Past;Part
reproduce,reproduce,Pres;Fin
apply,apply,Pres;Fin
design,designing,Ger
introduce,introduce,Inf
formalize,formalized,Part;Pass
orient,oriented,Past;Part
obtain,obtain,Inf
decide,decide,Inf
capture,capture,Pres;Fin
mutate,mutated,Part;Pass
interweave,interweave,Inf
generate,generates,Pres;Fin
exchange,exchanges,Pres;Fin
simulate,simulates,Pres;Fin
check,checking,Ger
introduce,introduced,Part;Pass
modify,modifying,Ger
recover,recovering,Ger
simplify,simplified,Past;Part
register,registering,Ger
receive,receive,Inf
draw,drawn,Past;Part
manipulate,manipulating,Ger
carry,carry,Pres;Fin
reparcel,reparcelling,Ger
reunify,reunify,Inf
affect,affected,Part;Pass
cause,causes,Pres;Fin
result,resulting,Ger
cover,cover,Inf
test,tested,Past;Part
intend,intend,Pres;Fin
extend,extend,Inf
serve,serve,Pres;Fin
alter,altering,Ger
support,supporting,Ger
emerge,emerged,Past;Part
hold,holds,Pres;Fin
write,writing,Ger
continue,continue,Pres;Fin
perceive,perceived,Past;Part
underpin,underpinning,Ger
allege,alleged,Past;Part
relate,relating,Ger
refer,refers,Pres;Fin
reproduce,reproduced,Part;Pass
undertake,undertaken,Part;Pass
speak,speak,Pres;Fin
raise,raising,Ger
let,let,Inf
replicate,replicate,Inf
plague,plagues,Pres;Fin
do,does,Pres;Fin
think,thought,Part;Pass
cause,caused,Past;Part
leave,leaving,Ger
begin,begins,Pres;Fin
consider,considers,Pres;Fin
inform,informed,Past;Part
label,labeled,Past;Fin
code,coding,Ger
draw,draw,Pres;Fin
carry,carrying,Ger
start,start,Pres;Fin
agree,agreed,Past;Part
seek,seek,Pres;Fin
ascertain,ascertain,Inf
deem,deemed,Part;Pass
control,controls,Pres;Fin
accumulate,accumulated,Past;Part
monitor,monitor,Inf
become,become,Past;Part
demonstrate,demonstrated,Part;Pass
scan,scanned,Past;Part
thin,thinned,Past;Part
scan,scanning,Ger
evidence,evidenced,Part;Pass
polarize,polarized,Past;Part
accept,accepted,Part;Pass
alter,alter,Inf
hamper,hamper,Inf
combine,combined,Past;Part
correct,corrected,Part;Pass
estimate,estimate,Inf
cover,covered,Past;Part
multiply,multiplying,Ger
clarify,clarified,Part;Pass
downwell,downwelling,Ger
decouple,decouple,Pres;Fin
mean,means,Pres;Fin
roughen,roughened,Past;Part
induce,induces,Pres;Fin
hamper,hampered,Part;Pass
discard,discarded,Part;Pass
achieve,achieve,Inf
infer,inferred,Past;Part
decrease,decreased,Past;Fin
indicate,indicate,Pres;Fin
drive,driven,Past;Part
attribute,attributed,Part;Pass
show,showed,Past;Fin
define,defining,Ger
modulate,modulated,Part;Pass
adapt,adapts,Pres;Fin
become,becomes,Pres;Fin
analyze,analyzing,Ger
fail,failed,Past;Fin
orient,orienting,Ger
support,support,Inf
inspire,inspired,Part;Pass
differ,differed,Past;Fin
live,lived,Past;Part
allow,allowed,Past;Fin
exercise,exercise,Inf
house,housed,Part;Pass
attach,attached,Part;Pass
carry,carried,Past;Part
taper,tapering,Ger
allow,allowing,Ger
adjust,adjust,Inf
adopt,adopting,Ger
resemble,resembles,Pres;Fin
explain,explained,Part;Pass
recreate,recreated,Part;Pass
mean,mean,Inf
argue,argue,Pres;Fin
displace,displacing,Ger
recreate,recreating,Ger
open,open,Inf
say,say,Inf
popularize,popularized,Past;Part
spawn,spawned,Past;Part
represent,represents,Pres;Fin
forget,forget,Inf
pre-exist,pre-existing,Ger
negotiate,negotiate,Inf
engage,engage,Inf
represent,represent,Pres;Fin
emerge,emerging,Ger
explore,explored,Part;Pass
exemplify,exemplified,Past;Part
become,becoming,Pres;Part
walk,walking,Ger
manage,managing,Ger
access,access,Pres;Fin
manage,manage,Pres;Fin
contribute,contributes,Pres;Fin
offer,offering,Ger
engender,engendered,Past;Part
undertake,undertakes,Pres;Fin
anticipate,anticipated,Past;Part
dread,dreaded,Past;Part
shock,shocked,Part;Pass
analyze,analyzes,Pres;Fin
align,aligned,Past;Part
ground,grounded,Past;Part
illustrate,illustrating,Ger
negotiate,negotiating,Ger
fall,fall,Pres;Fin
reason,reasoned,Past;Fin
pose,posed,Past;Part
frame,framed,Part;Pass
contribute,contribute,Inf
remember,remembered,Part;Pass
pioneer,pioneering,Ger
commemorate,commemorated,Part;Pass
underlie,underlying,Ger
bear,born,Part;Pass
come,came,Past;Fin
emigrate,emigrated,Past;Fin
escape,escape,Inf
move,moved,Past;Fin
discover,discover,Inf
enter,entering,Ger
tie,tying,Ger
bear,bear,Inf
ban,banned,Past;Fin
plagiarize,plagiarized,Past;Fin
backdate,backdated,Past;Fin
hydrodynamica,hydrodynamica,Sing;Inf
school,schooling,Ger
be,being,Ger
await,awaiting,Ger
refuse,refused,Past;Fin
want,wanted,Past;Fin
give,gave,Past;Fin
ask,asked,Past;Fin
teach,teach,Inf
continue,continued,Past;Fin
earn,earned,Past;Fin
go,went,Past;Fin
return,returned,Past;Fin
hold,held,Past;Fin
elect,elected,Part;Pass
point,pointed,Past;Fin
resolve,resolving,Ger
arrange,arranged,Part;Pass
award,awarded,Part;Pass
write,wrote,Past;Fin
vibrate,vibrating,Ger
try,tried,Past;Fin
flow,flows,Pres;Fin
experiment,experimented,Past;Fin
puncture,puncturing,Ger
rise,rose,Past;Fin
stick,sticking,Ger
discover,discovered,Past;Fin
measure,measure,Inf
pass,passing,Ger
gain,gains,Pres;Fin
realise,realised,Past;Fin
increase,increases,Pres;Fin
fall,falls,Pres;Fin
exploit,exploited,Part;Pass
design,designed,Part;Pass
create,create,Inf
push,pushed,Part;Pass
entitle,entitled,Past;Part
turn,turned,Past;Part
speak,spoke,Past;Fin
serve,served,Past;Fin
visit,visited,Past;Fin
pick,pick,Inf
possess,possessed,Past;Fin
hear,hearing,Ger
record,record,Inf
marry,marrying,Ger
attend,attended,Past;Part
teach,taught,Past;Fin
teach,teaching,Ger
begin,beginning,Ger
begin,began,Past;Fin
conduct,conduct,Inf
collaborate,collaborated,Past;Fin
edit,edit,Inf
render,render,Inf
leave,left,Past;Fin
reside,resided,Past;Fin
dedicate,dedicated,Part;Pass
invite,invited,Part;Pass
return,return,Inf
die,died,Past;Fin
live,living,Ger
reign,reigned,Past;Fin
enlist,enlist,Inf
rebel,rebelling,Ger
recruit,recruited,Part;Pass
arrive,arrived,Past;Fin
commission,commissioned,Part;Pass
rank,rank,Inf
paint,paint,Inf
wound,wounded,Part;Pass
recover,recovered,Past;Fin
exchange,exchanged,Part;Pass
promote,promoted,Part;Pass
discharge,discharged,Part;Pass
disband,disbanded,Part;Pass
shape,shaped,Past;Part
send,sent,Part;Pass
achieve,achieved,Past;Fin
redesign,redesigning,Ger
reside,reside,Inf
take,took,Past;Fin
charter,chartered,Past;Part
offer,offered,Past;Part
progress,progress,Inf
receive,received,Past;Fin
spend,spent,Past;Fin
join,joining,Ger
station,stationed,Past;Part
intercept,intercepted,Past;Fin
code,coded,Past;Part
receive,receiving,Ger
embed,embedding,Ger
acknowledge,acknowledge,Inf
predict,predicted,Part;Pass
evolve,evolved,Past;Fin
sell,sell,Inf
buy,buy,Inf
accord,according,Ger
deliver,delivered,Past;Part
establish,establishing,Ger
study,studies,Pres;Fin
illuminate,illuminated,Past;Fin
motivate,motivating,Ger
generalize,generalized,Part;Pass
aim,aimed,Past;Fin
dominate,dominate,Pres;Fin
notice,noticed,Past;Part
appear,appeared,Past;Fin
recognize,recognized,Part;Pass
continue,continues,Pres;Fin
meet,met,Past;Fin
conduct,conducting,Pres;Part
link,linked,Part;Pass
retire,retired,Past;Fin
join,joined,Past;Fin
start,started,Past;Fin
evoke,evoke,Pres;Fin
gather,gathered,Part;Pass
annotate,annotated,Past;Part
store,stored,Past;Part
declare,declared,Past;Fin
spend,spend,Inf
attract,attracted,Past;Fin
wane,waned,Past;Fin
seem,seemed,Past;Fin
submit,submit,Inf
do,did,Past;Fin
declare,declaring,Ger
judge,judge,Inf
end,ends,Pres;Fin
form,form,Inf
reach,reach,Inf
react,reacted,Past;Fin
abandon,abandon,Inf
publish,publishing,Ger
ignore,ignore,Inf
polish,polishing,Ger
talk,talked,Part;Pass
allude,alludes,Pres;Fin
stay,stayed,Past;Fin
copy,copied,Past;Part
obliterate,obliterated,Past;Part
hint,hint,Pres;Fin
confide,confided,Past;Part
prompt,prompted,Past;Part
provoke,provoke,Inf
know,knew,Past;Fin
mention,mentioned,Past;Fin
suppose,supposed,Past;Part
provoke,provoked,Past;Fin
exclaim,exclaimed,Past;Fin
interpolate,interpolated,Part;Pass
manage,managed,Part;Pass
eliminate,eliminate,Inf
name,names,Pres;Fin
celebrate,celebrated,Part;Pass
occasion,occasioned,Past;Fin
speculate,speculated,Part;Pass
marry,married,Past;Fin
imprison,imprisoned,Part;Pass
lose,lost,Part;Pass
convince,convinced,Part;Pass
compose,composing,Ger
outline,outlining,Ger
judge,judged,Past;Part
contain,contains,Pres;Fin
pour,pouring,Ger
exaggerate,exaggerated,Part;Pass
outline,outlined,Past;Fin
do,doing,Pres;Part
submit,submitted,Past;Part
bury,buried,Part;Pass
shoot,shot,Part;Pass
abandon,abandoned,Past;Part
refuse,refusing,Ger
end,ended,Past;Fin
be,were,Past;Fin
initiate,initiate,Inf
postpone,postponed,Part;Pass
notify,notified,Part;Pass
cry,cry,2;Fin
die,die,Inf
erect,erected,Part;Pass
garner,garnered,Past;Part
star,starred,Past;Fin
burn,burning,Ger
earn,earning,Ger
appear,appearing,Ger
acclaim,acclaimed,Past;Part
portray,portrayed,Past;Fin
star,stars,Pres;Fin
film,filming,Pres;Part
bear,b.,Past;Part
play,played,Past;Fin
co-star,co-starred,Past;Fin
grow,grew,Past;Fin
educate,educated,Part;Pass
descend,descended,Part;Pass
assume,assumed,Past;Fin
confirm,confirmed,Past;Part
bring,brought,Part;Pass
remain,remained,Past;Fin
persecute,persecuted,Part;Pass
enter,entered,Past;Fin
tolerate,tolerate,Inf
change,changed,Past;Fin
re-embark,re-embarking,Ger
journey,journeying,Ger
enlist,enlisted,Past;Fin
distinguish,distinguished,Past;Fin
dislike,disliked,Past;Fin
complain,complaining,Ger
appoint,appointed,Part;Pass
flee,fleeing,Ger
seek,seeking,Ger
break,broke,Past;Fin
help,helping,Ger
secure,securing,Pres;Part
head,headed,Past;Fin
create,created,Part;Pass
employ,employed,Past;Fin
organize,organizing,Ger
raise,raised,Past;Fin
close,closed,Past;Fin
reinter,reinterred,Part;Pass
edit,edited,Past;Part
print,printed,Part;Pass
liberate,liberated,Past;Fin
co-found,co-founded,Past;Fin
move,moving,Ger
explode,exploding,Pres;Part
recall,recalled,Past;Fin
draw,drew,Past;Fin
smash,smash,Inf
reduce,reducing,Pres;Part
care,care,Inf
fix,fix,Inf
specialize,specializing,Ger
appreciate,appreciated,Part;Pass
meet,meet,Inf
see,seeing,Ger
remain,remain,Inf
help,help,Inf
connect,connect,Inf
fall,fell,Past;Fin
know,knowing,Ger
wish,wished,Past;Fin
treat,treated,Past;Fin
get,got,Past;Fin
suffer,suffered,Past;Fin
feel,felt,Past;Fin
compel,compelled,Past;Part
load,loaded,Part;Pass
signal,signaled,Past;Fin
open,opened,Past;Fin
mark,marked,Part;Pass
lie,lay,Past;Fin
add,added,Past;Fin
belong,belong,Pres;Fin
trouble,troubled,Past;Part
spread,spread,Past;Fin
request,requesting,Ger
stop,stopped,Past;Fin
catch,caught,Past;Part
adorn,adorns,Pres;Fin
bat,bats,Pres;Fin
throw,throws,Pres;Fin
bat,batted,Past;Part
hit,hit,2;Inf
list,listed,Past;Part
graduate,graduated,Past;Fin
bat,batting,Ger
name,named,Part;Pass
transfer,transferring,Ger
post,posted,Past;Fin
lead,led,Past;Fin
score,scored,Past;Fin
draft,drafted,Part;Pass
advance,advancing,Ger
cut,cut,Part;Pass
hit,hitting,Ger
expand,expanded,Past;Fin
trade,traded,Part;Pass
debut,debuted,Past;Fin
win,won,Past;Fin
impress,impressed,Past;Fin
rob,rob,Inf
drive,drove,Past;Fin
start,starting,Ger
devote,devoted,Past;Part
stem,stemmed,Past;Fin
recognise,recognised,Part;Pass
baptize,baptized,Part;Pass
go,gone,Past;Part
learn,learned,Past;Fin
claim,claim,Inf
acquire,acquired,Past;Part
indulge,indulged,Past;Fin
appease,appease,Inf
visit,visit,Inf
remind,remind,Inf
dig,dug,Past;Part
line,lined,Past;Part
fulfill,fulfilled,Part;Pass
go,go,Inf
filter,filtering,Ger
relieve,relieved,Past;Fin
breathe,breathed,Past;Fin
convert,converted,Part;Pass
travel,travelled,Past;Fin
settle,settled,Past;Fin
accompany,accompanied,Past;Fin
devote,devote,Inf
abstain,abstained,Past;Part
plunge,plunged,Past;Part
suspect,suspected,Past;Part
seize,seized,Past;Part
inhabit,inhabiting,Ger
learn,learn,Inf
gospel,gospel,Sing;Inf
subscribe,subscribed,Past;Part
operate,operated,Past;Part
display,displayed,Past;Part
locate,located,Past;Part
share,sharing,Pres;Part
pay,paid,Past;Fin
bartend,bartending,Ger
blog,blogging,Ger
dance,dancing,Ger
upload,uploads,Pres;Fin
trick,trick,Inf
view,viewed,Part;Pass
talk,talking,Sing;Ger
talk,talk,Sing;Inf
feature,featured,Part;Pass
state,stated,Past;Fin
want,want,Pres;Fin
touch,touching,Ger
come,comes,Pres;Fin
pull,pulled,Past;Fin
concern,concerned,Part;Pass
annoy,annoying,Ger
unveil,unveiled,Past;Fin
immortalize,immortalized,Part;Pass
professionalize,professionalized,Past;Part
feature,feature,Pres;Fin
host,hosts,Pres;Fin
marry,m.,Past;Part
divorce,div.,Past;Part
walk,walked,Past;Fin
direct,directed,Past;Part
die,d.,Past;Part
spend,spending,Ger
split,split,Part;Pass
attend,attending,Ger
separate,separated,Past;Fin
dazzle,dazzling,Ger
center,centered,Part;Pass
star,starring,Ger
work,worked,Past;Fin
accept,accept,Inf
graduate,graduating,Ger
minister,ministered,Past;Fin
force,forced,Past;Fin
leave,leave,Inf
found,founding,Ger
undertake,undertook,Past;Fin
ordain,ordained,Part;Pass
maintain,maintain,Pres;Fin
translate,translating,Ger
elaborate,elaborated,Part;Pass
assert,asserting,Ger
stand,stands,Pres;Fin
set,sets,Pres;Fin
account,account,Inf
ensure,ensuring,Ger
differ,differ,Pres;Fin
typify,typifies,Pres;Fin
reproduce,reproducing,Ger
govern,governing,Ger
plan,planned,Past;Part
attend,attend,Inf
move,move,Inf
cast,cast,Part;Pass
audition,auditioned,Past;Fin
film,film,Inf
title,titled,Past;Part
land,landed,Past;Fin
drive,drive,Pres;Fin
hunt,hunting,Ger
fight,fighting,Ger
deal,dealing,Ger
own,owns,Pres;Fin
run,running,Ger
discontinue,discontinued,Part;Pass
head,heads,Pres;Fin
miss,missing,Ger
announce,announced,Part;Pass
expect,expecting,Pres;Part
reside,resides,Pres;Fin
launch,launched,Past;Fin
write,write,Sing;Inf
support,supports,Pres;Fin
struggle,struggling,Ger
partner,partnered,Past;Fin
release,release,Inf
feature,featuring,Ger
form,formed,Past;Part
sell,sold,Part;Pass
sell,selling,Ger
surprise,surprised,Past;Fin
hold,holding,Ger
reveal,revealed,Past;Part
prevent,preventing,Ger
collapse,collapsing,Ger
deny,denied,Past;Fin
travel,traveling,Ger
preach,preached,Past;Fin
pray,praying,Ger
weep,weeping,Ger
opt,opted,Past;Fin
follow,follow,Inf
visit,visiting,Ger
welcome,welcomed,Part;Pass
integrate,integrated,Past;Fin
assert,asserted,Past;Fin
maintain,maintained,Past;Fin
preach,preach,Inf
retire,retiring,Ger
witness,witnessing,Ger
violate,violating,Ger
grant,grant,Inf
fail,failing,Ger
assist,assisting,Pres;Part
plead,pleaded,Past;Fin
assert,assert,Inf
consent,consented,Past;Fin
exile,exiled,Past;Fin
forgive,forgave,Past;Fin
trust,trust,Inf
name,naming,Ger
qualify,qualified,Past;Part
retreat,retreat,Inf
practice,practiced,Past;Fin
arise,arose,Past;Fin
communicate,communicate,Inf
demand,demanding,Ger
fall,falling,Pres;Part
rush,rushed,Past;Fin
placate,placate,Inf
claim,claimed,Past;Fin
act,acting,Pres;Part
administer,administered,Past;Fin
shuffle,shuffling,Ger
rule,ruled,Part;Pass
wonder,wondering,Pres;Part
like,like,Inf
rise,rising,Ger
ask,ask,Inf
tell,tell,2;Fin
yell,yell,2;Fin
tell,told,Past;Fin
see,seen,Past;Part
boil,boil,Inf
figure,figure,Inf
call,call,Inf
g-,g-,Inf
start,starts,Pres;Fin
_,_,Pres;Fin
splish,splish,Inf
splash,splash,Inf
go,gon,Pres;Part
finish,finish,Inf
change,change,Inf
f-,f-,Inf
fill,fill,Inf
float,floating,Ger
breathe,breathe,Pres;Fin
fill,fills,Pres;Fin
get,get,Inf
subtract,subtract,2;Fin
go,going,Pres;Part
l-,l-,Inf
fit,fit,Inf
count,count,2;Fin
be,'s,Pres;Fin
think,think,Pres;Fin
see,saw,Past;Fin
fit,fitting,Pres;Part
stop,stop,2;Fin
guess,guessing,Ger
confuse,confused,Past;Part
figure,figured,Past;Fin
watch,watch,Inf
thank,thank,Pres;Fin
tell,telling,Pres;Part
bet,bet,Pres;Fin
happen,happened,Past;Fin
pop,popped,Past;Fin
pull,pull,2;Fin
slow,slowed,Past;Fin
get,getting,Pres;Part
borrow,borrow,Inf
wait,wait,Inf
trim,trim,Pres;Fin
train,train,Inf
watch,watching,Ger
graduate,graduate,Inf
want,wan,Pres;Fin
clean,clean,Pres;Fin
help,helps,Pres;Fin
m-,m-,Pres;Fin
shoe,shoe,Inf
stick,stick,Inf
show,showing,Pres;Part
forget,forgot,Past;Fin
think,think-,Pres;Part
loan,lent,Past;Part
tell,tells,Pres;Fin
guess,guess,2;Fin
figure,figuring,Ger
tear,tearing,Pres;Part
transfer,transfer,Inf
bake,bake,Inf
wear,wear,Inf
say,saying,Pres;Part
hope,hope,Pres;Fin
shrink,shrunk,Past;Fin
buy,bought,Past;Fin
look,looks,Pres;Fin
pick,picks,Pres;Fin
fit,fits,Pres;Fin
get,gets,Pres;Fin
lay,laid,Past;Fin
hatch,hatched,Past;Fin
read,read,Inf
read,reading,Pres;Part
meditate,meditate,Inf
dispute,disputed,Past;Part
debate,debated,Part;Pass
write,writes,Pres;Fin
bear,bore,Inf
hing,hinges,Pres;Fin
evaluate,evalu-,Past;Fin
comment,commented,Past;Fin
consent,consent,Inf
view,views,Pres;Fin
attain,attaining,Ger
conceptualize,conceptualizing,Ger
possess,possesses,Pres;Fin
condemn,condemns,Pres;Fin
grant,grants,Pres;Fin
justify,justifies,Pres;Fin
save,saves,Pres;Fin
skip,skip,2;Fin
exalt,exalted,Past;Fin
prefer,prefers,Pres;Fin
adjust,adjusts,Pres;Fin
prove,proves,Pres;Fin
demand,demanded,Part;Pass
possess,possess,Inf
ride,ridden,Past;Part
obey,obeys,Pres;Fin
act,act,Inf
remember,remember,Pres;Fin
desert,deserted,Past;Fin
disappoint,disappointed,Past;Part
offend,offended,Part;Pass
will,will,Inf
predestine,predestined,Part;Pass
sound,sounds,Pres;Fin
hold,hold,Inf
weigh,weighed,Past;Fin
suppose,suppose,Pres;Fin
tend,tend,Pres;Fin
fix,fixed,Past;Fin
replace,replacing,Pres;Part
bale,baling,Ger
sit,sit,Inf
feed,feeds,Pres;Fin
eat,eats,Pres;Fin
feed,feed,Inf
explain,explain,2;Fin
bale,bale,Inf
eat,eat,Inf
starve,starve,Inf
starve,starving,Ger
fix,fixes,Pres;Fin
sit,sat,Past;Fin
bother,bother,Inf
taste,tastes,Pres;Fin
love,love,Pres;Fin
blast,blasted,Past;Part
touch,touch,Inf
drink,drinking,Pres;Part
help,helped,Past;Fin
love,loved,Past;Fin
train,trained,Past;Part
say,says,Pres;Fin
get,gotten,Past;Part
react,react,Inf
worry,worried,Past;Part
outgrow,outgrow,Inf
look,looked,Past;Fin
believe,believed,Past;Fin
lean,leaned,Past;Fin
pick,picking,Ger
dangle,dangled,Past;Fin
stuff,stuffing,Ger
nip,nipping,Ger
listen,listening,Ger
salt,salted,Past;Part
unload,unloading,Ger
paint,painted,Past;Part
punctuate,punctuated,Past;Fin
open,opening,Ger
eat,eating,Ger
tuck,tucked,Part;Pass
stretch,stretched,Past;Fin
find,finding,Pres;Part
dismiss,dismissed,Past;Fin
want,wanting,Ger
strangle,strangle,Inf
sling,slung,Past;Fin
bend,bent,Past;Fin
mumble,mumbling,Ger
dress,dressed,Part;Pass
erupt,erupted,Past;Fin
imagine,imagined,Past;Fin
step,stepped,Past;Fin
guess,guessed,Past;Fin
hear,hear,Inf
laugh,laughing,Ger
soak,soak,Inf
coat,coated,Past;Fin
chime,chimed,Past;Fin
call,calling,Pres;Part
answer,answer,Inf
wipe,wiped,Past;Fin
lift,lifted,Past;Fin
copy,copy,Pres;Fin
switch,switched,Past;Fin
unclip,unclipped,Past;Fin
serrate,serrated,Past;Part
like,liking,Ger
sit,sitting,Ger
overwhelm,overwhelmed,Past;Part
recall,recall,Inf
identify,identifying,Ger
lack,lacking,Pres;Part
torture,tortured,Part;Pass
swing,swung,Past;Fin
kick,kicked,Past;Fin
giggle,giggling,Ger
frown,frowned,Past;Fin
threaten,threatened,Past;Fin
grow,grow,Inf
lose,lose,Inf
feel,feeling,Ger
cry,crying,Pres;Part
sum,summed,Past;Fin
contain,contained,Past;Fin
eat,ate,Past;Fin
manufacture,manufactured,Past;Part
punish,punish,Inf
fade,faded,Past;Fin
reason,reason,Inf
distinguish,distinguishing,Ger
admit,admitted,Past;Fin
frown,frowns,Pres;Fin
wail,wails,Pres;Fin
delay,delayed,Past;Part
let,lets,Pres;Fin
disentangle,disentangle,Neg;Inf
look,looking,Pres;Part
hover,hovers,Pres;Fin
grab,grabs,Pres;Fin
straighten,straightening,Ger
drape,draping,Ger
herd,herd,Pres;Fin
mouth,mouthing,Ger
smile,smiles,Pres;Fin
wail,wailing,Pres;Part
distract,distract,Inf
want,wants,Pres;Fin
perk,perks,Pres;Fin
unwrap,unwrap,Pres;Fin
tie,tie,2;Fin
kiss,kiss,2;Fin
last,lasts,Pres;Fin
smear,smeared,Past;Part
wipe,wipe,Inf
pass,pass,Pres;Fin
stop,stops,Pres;Fin
point,pointing,Ger
try,tries,Pres;Fin
fight,fight,Inf
crumple,crumples,Pres;Fin
hunch,hunches,Pres;Fin
swing,swings,Pres;Fin
grab,grab,Pres;Fin
tug,tugging,Ger
gulp,gulping,Ger
see,sees,Pres;Fin
keep,kept,Past;Fin
grab,grabbing,Ger
crouch,crouches,Pres;Fin
trail,trail,Pres;Fin
sniffle,sniffling,Ger
wheeze,wheezing,Pres;Part
dig,digs,Pres;Fin
sit,sits,Pres;Fin
ask,asks,Pres;Fin
check,checks,Pres;Fin
stay,stay,Inf
sigh,sighs,Pres;Fin
open,opens,Pres;Fin
stand,stand,Pres;Fin
back,back,Inf
turn,turns,Pres;Fin
wave,wave,Pres;Fin
rain,rained,Past;Fin
disappear,disappeared,Past;Fin
drink,drunk,Past;Part
pause,paused,Past;Fin
wait,waited,Past;Fin
bounce,bounced,Past;Fin
gather,gathering,Ger
pluck,plucked,Past;Fin
shiver,shivering,Ger
marble,marbled,Past;Fin
dare,daring,Ger
dart,dart,Inf
leap,leap,Inf
climax,climaxed,Past;Fin
overflow,overflowed,Past;Fin
cascade,cascading,Ger
breathe,breath,Inf
wriggle,wriggled,Past;Fin
struggle,struggled,Past;Fin
writhe,writhing,Ger
swim,swimming,Ger
burst,burst,Past;Fin
stand,standing,Ger
flood,flooding,Ger
lick,licking,Ger
climb,climbing,Ger
lap,lapping,Ger
surround,surrounded,Past;Part
drum,drum,Inf
drum,drumming,Ger
slip,slipped,Past;Fin
nibble,nibble,Inf
lean,leant,Past;Fin
fray,fraying,Ger
frolick,frolicking,Ger
lap,lapped,Past;Fin
wash,washing,Ger
rock,rocking,Ger
tie,tied,Past;Part
float,floated,Past;Fin
slam,slammed,Past;Fin
shut,shut,Past;Part
retreat,retreated,Past;Fin
gaze,gazed,Past;Fin
press,pressed,Past;Fin
dissolve,dissolving,Ger
ripple,rippled,Past;Fin
splash,splashed,Past;Fin
nip,nipped,Past;Fin
flap,flapping,Ger
haul,hauling,Ger
swim,swam,Past;Fin
sing,sang,Past;Fin
sing,singing,Ger
come,coming,Pres;Part
comb,combed,Past;Fin
wave,waved,Past;Fin
laugh,laughed,Past;Fin
tantalise,tantalising,Ger
wrap,wrap,Inf
nudge,nudging,Ger
let,letting,Ger
float,float,Inf
engulf,engulfed,Past;Fin
creak,creaking,Ger
crack,cracking,Ger
clamber,clambered,Past;Fin
slide,sliding,Ger
cling,clinging,Ger
shelter,sheltering,Ger
fleck,flecked,Past;Part
gallop,galloped,Past;Fin
spout,spouting,Ger
scramble,scrambled,Past;Fin
encrust,encrusted,Past;Part
ride,rode,Past;Fin
dip,dipping,Ger
blow,blowing,Ger
tug,tugged,Past;Fin
peel,peeled,Past;Fin
deepen,deeping,Ger
ride,riding,Ger
tar,tarred,Past;Fin
groan,groaning,Ger
dip,dipped,Past;Fin
pass,passed,Past;Fin
prise,prising,Ger
speckle,speckled,Past;Part
throw,threw,Past;Fin
hang,hung,Past;Fin
haul,hauled,Past;Fin
chant,chanting,Ger
burst,bursting,Ger
stand,stood,Past;Fin
sink,sunk,Past;Part
lie,lie,Pres;Fin
plow,plowed,Past;Part
stretch,stretching,Ger
survive,survived,Past;Fin
sip,sipping,Ger
cake,caked,Past;Part
incense,incensed,Part;Pass
cry,cried,Past;Fin
vein,veined,Part;Pass
ooze,oozed,Past;Fin
char,charred,Past;Part
smell,smelled,Past;Fin
ferment,fermented,Past;Part
scour,scoured,Past;Fin
hurry,hurried,Past;Fin
blacken,blackened,Past;Part
pack,packed,Past;Fin
crochet,crocheting,Pres;Part
scrape,scraped,Past;Fin
catch,catch,Inf
tumble,tumbling,Ger
twist,twisted,Past;Part
burn,burnt,Past;Part
echo,echo,Inf
hurtle,hurtled,Past;Fin
steady,steady,Inf
cycle,cycling,Ger
abate,abate,Inf
glance,glanced,Past;Fin
be,been,Past;Part
dominate,dominated,Past;Fin
loom,loomed,Past;Fin
stare,staring,Ger
swarm,swarming,Ger
fly,flying,Pres;Part
alter,altered,Past;Fin
attempt,attempt,Inf
throw,throw,Inf
pump,pumping,Ger
sweat,sweating,Ger
await,awaited,Past;Fin
board,board,Inf
run,run,Inf
scramble,scrambling,Ger
pull,pulling,Ger
perform,performing,Ger
hide,hid,Past;Fin
speed,speeding,Pres;Part
watch,watched,Past;Fin
hurtle,hurtle,Inf
address,addressed,Past;Part
remain,remaining,Ger
listen,listen,2;Fin
advance,advance,Inf
creep,crept,Past;Part
fall,fallen,Past;Part
suffer,suffering,Pres;Part
pump,pump,Inf
fill,filled,Part;Pass
negate,negating,Ger
run,ran,Past;Fin
slant,slanted,Past;Part
menace,menacing,Ger
intimidate,intimidating,Ger
face,face,Inf
seem,seeming,Ger
pierce,pierce,Inf
tighten,tighten,Inf
swallow,swallowing,Ger
lurch,lurch,Inf
grow,grown,Past;Part
crush,crushed,Past;Part
scream,screaming,Ger
wait,waiting,Ger
begin,begun,Past;Fin
ascend,ascending,Ger
sink,sank,Past;Fin
buckle,buckled,Past;Fin
flip,flip,Inf
press,press,Inf
taxi,taxied,Part;Pass
exceed,exceeded,Past;Part
hate,hate,Pres;Fin
shine,shines,Pres;Fin
shine,shone,Past;Fin
wander,wandered,Past;Fin
bring,bring,Pres;Fin
tip,tipped,Past;Part
curse,cursed,Past;Part
embower,embowered,Past;Part
flutter,fluttered,Past;Fin
drop,dropped,Past;Fin
swirl,swirling,Ger
carve,carven,Past;Part
crush,crushing,Ger
sleep,sleeping,Ger
madden,maddened,Past;Part
light,litten,Past;Part
whisper,whispered,Past;Fin
bid,bade,Past;Fin
cease,cease,Inf
sway,swaying,Ger
gleam,gleaming,Ger
breed,breeded,Past;Fin
vanish,vanish,Inf
long,longed,Past;Fin
ebb,ebbed,Past;Fin
sink,sunken,Past;Part
tremble,trembled,Past;Fin
wish,wish,Inf
descend,descend,Inf
question,questioned,Past;Part
sink,sinking,Ger
drip,dripping,Ger
close,close,Inf
conquer,conquering,Ger
gnaw,gnaw,Inf
glut,glut,Inf
flow,flown,Past;Part
shew,shewing,Ger
shock,shocking,Ger
paw,paw,Inf
shriek,shrieked,Past;Fin
hide,hidden,Past;Part
rise,rise,Pres;Fin
leer,leering,Ger
feast,feast,Pres;Fin
hurt,hurt,Inf
pull,pulls,Pres;Fin
swell,swelling,Ger
assist,assisted,Past;Part
be,’s,Pres;Fin
bewilder,bewildered,Part;Pass
water,water,Pres;Fin
grasp,grasps,Pres;Fin
lose,loses,Pres;Fin
smile,smiling,Pres;Part
submit,submits,Pres;Fin
wear,worn,Past;Part
bare,bares,Pres;Fin
hang,hangs,Pres;Fin
swab,swabs,Pres;Fin
numb,numb,Inf
streak,streaked,Past;Part
dislike,dislike,Inf
wince,winces,Pres;Fin
implant,implant,Inf
embarrass,embarrass,Inf
put,puts,Pres;Fin
shine,shining,Ger
dream,dreamed,Past;Part
dream,dream,Inf
wake,wake,Pres;Fin
keep,keeps,Pres;Fin
stop,stopping,Ger
wander,wandering,Pres;Part
sleep,sleep,Pres;Fin
impend,impending,Ger
kill,kill,Inf
trust,trusts,Pres;Fin
light,lit,Past;Fin
wake,woke,Past;Fin
deal,deal,Inf
bind,bound,Past;Part
optimize,optimized,Past;Part
repair,repaired,Part;Pass
punch,punching,Ger
raise,raise,Inf
ward,ward,Inf
avoid,avoiding,Pres;Part
flag,flag,Pres;Fin
empathize,empathized,Past;Part
scare,scared,Past;Fin
incapacitate,incapacitated,Past;Fin
trip,trip,Inf
learn,learning,Ger
tear,tear,Pres;Fin
know,knows,Pres;Fin
unfold,unfold,Inf
mess,mess,Inf
mess,messed,Past;Part
curl,curled,Past;Part
engineer,engineered,Past;Part
deduce,deduce,2;Inf
laud,lauding,Ger
stick,stuck,Past;Fin
turn,turning,Ger
crunch,crunched,Past;Fin
worry,worry,Inf
promise,promised,Past;Fin
shout,shouted,Past;Fin
twitch,twitched,Past;Fin
grab,grabbed,Past;Fin
yelp,yelped,Past;Fin
duck,ducked,Past;Fin
moan,moaned,Past;Fin
pant,panted,Past;Fin
course,coursed,Past;Fin
splatter,splattered,Past;Fin
moan,moaning,Ger
crawl,crawling,Pres;Part
wonder,wondered,Past;Fin
back,backed,Past;Fin
unclench,unclenched,Past;Fin
glisten,glistening,Ger
be,'re,Pres;Fin
be,am,Pres;Fin
murder,murdered,Past;Fin
save,saved,Past;Fin
scoop,scooped,Past;Fin
shoo,shoo,2;Fin
dash,dashed,Past;Fin
chase,chasing,Pres;Part
smack,smacking,Ger
swirl,swirl,Inf
poke,poked,Past;Fin
exfoliate,exfoliating,Ger
tremble,trembling,Ger
humor,humor,2;Inf
stomp,stomped,Past;Fin
irritate,irritated,Part;Pass
batter,battered,Past;Part
blame,blamed,Past;Fin
like,likes,Pres;Fin
hide,hiding,Ger
wrap,wrapped,Past;Fin
cleanse,cleansing,Ger
spiral,spiral,2;Fin
relax,relax,Inf
stretch,stretch,2;Fin
rub,rub,Inf
smile,smiled,Past;Fin
realize,realized,Past;Fin
hate,hated,Past;Fin
sleep,slept,Past;Fin
prepare,preparing,Ger
trim,trimmed,Past;Part
choose,chosen,Past;Part
fold,folded,Past;Part
gaze,gazing,Ger
think,thinks,Pres;Fin
admire,admiring,Ger
snort,snorted,Past;Fin
sigh,sighed,Past;Fin
regret,regretting,Pres;Part
kiss,kissed,Past;Fin
bike,biked,Past;Fin
stamp,stamping,Ger
excuse,excuse,2;Inf
stream,streaming,Ger
embroider,embroidered,Past;Part
fire,fire,Inf
place,placed,Past;Fin
gnaw,gnawed,Part;Pass
sneeze,sneeze,Inf
lean,leaning,Pres;Part
inspect,inspected,Past;Fin
eye,eyed,Past;Fin
silence,silence,Inf
swallow,swallowed,Past;Part
insult,insulting,Ger
wink,winked,Past;Fin
water,watered,Past;Fin
howl,howled,Past;Fin
scratch,scratching,Ger
yack,yacks,Pres;Fin
throw,thrown,Part;Pass
lock,locked,Past;Part
whisper,whisper,Inf
poke,poke,Inf
suppose,s’pose,Pres;Fin
ditch,ditch,Sing;Inf
feel,feels,Pres;Fin
seat,seated,Part;Pass
cling,clung,Past;Fin
sway,swayed,Past;Fin
vibrate,vibrated,Past;Fin
record,records,Pres;Fin
reverse,reversing,Ger
sweep,sweeping,Pres;Part
palpitate,palpitating,Ger
travel,travelling,Pres;Part
blink,blinking,Ger
puzzle,puzzled,Past;Fin
brood,brooded,Past;Fin
glare,glared,Past;Fin
cease,ceased,Past;Part
vanish,vanished,Past;Part
creep,creeping,Ger
halt,halted,Past;Fin
glow,glowing,Ger
glow,glowed,Past;Part
revert,reverted,Past;Fin
face,faces,Pres;Fin
reverse,reverse,Inf
circle,circling,Ger
project,projecting,Ger
slope,sloping,Ger
stir,stirring,Pres;Part
breath,breathing,Pres;Part
remind,reminded,Past;Fin
slant,slanting,Ger
flutter,fluttering,Ger
disappear,disappear,Inf
shiver,shivered,Past;Fin
imagine,imagine,Inf
wave,waving,Ger
corrugate,corrugated,Past;Part
ornament,ornamented,Past;Part
blotch,blotched,Past;Fin
flicker,flickering,Ger
wise,wise,Sing;Inf
lie,lying,Ger
touch,touched,Part;Pass
sort,sort,Inf
find,finds,Pres;Fin
pretend,pretended,Past;Fin
jump,jumped,Past;Fin
startle,startled,Part;Pass
illustrate,illustrated,Past;Part
experience,experiencing,Ger
blow,blew,Past;Fin
blow,blown,Part;Pass
harm,harm,Inf
meditate,meditating,Ger
frighten,frightened,Past;Fin
dare,dare,Inf
turn,turn,Inf
skip,skipped,Past;Fin
gladden,gladdened,Past;Fin
craze,crazed,Past;Part
groan,groan,Inf
curse,curse,Inf
oversleep,overslept,Past;Part
miss,miss,Inf
fade,fading,Pres;Part
ponder,ponder,Inf
flow,flow,Pres;Fin
heal,healing,Ger
drink,drink,2;Fin
wash,wash,2;Fin
trouble,trouble,2;Fin
medicate,medicating,Ger
medicate,medicate,Inf
document,documented,Past;Part
nest,nests,Pres;Fin
forage,foraging,Ger
spot,spotted,Part;Pass
infect,infected,Part;Pass
choose,chose,Past;Fin
lace,laced,Past;Part
avoid,avoided,Past;Fin
vary,varied,Past;Fin
encounter,encounter,Inf
run,runs,Pres;Fin
reference,referencing,Ger
discuss,discusses,Pres;Fin
research,researching,Ger
keep,keeping,Pres;Part
like,liked,Past;Fin
build,build,Inf
nickname,nicknamed,Past;Part
search,searching,Ger
aerate,aerated,Past;Part
carve,carve,Inf
carve,carved,Past;Fin
prevent,prevent,Inf
escape,escaping,Ger
drill,drilled,Past;Fin
dry,dried,Past;Part
expose,exposing,Ger
count,counted,Past;Fin
ingest,ingesting,Ger
ingest,ingested,Past;Fin
add,adding,Ger
mix,mixed,Past;Fin
plate,plated,Past;Fin
influence,influence,Inf
extrapolate,extrapolate,Inf
interview,interviews,Pres;Fin
own,own,Pres;Fin
amass,amassed,Past;Part
perform,perform,Inf
travel,travel,Inf
induct,inducted,Part;Pass
display,displaying,Ger
credit,credited,Part;Pass
revolutionize,revolutionizing,Ger
cite,cited,Past;Part
exist,existed,Past;Part
collapse,collapsed,Past;Fin
join,join,Inf
destroy,destroyed,Past;Part
expand,expand,Inf
beef,beefing,Ger
rescind,rescinded,Past;Fin
induce,induced,Past;Fin
regard,regard,Inf
mean,meaning,Ger
favor,favoring,Ger
carry,carries,Pres;Fin
oppose,opposed,Part;Pass
debate,debating,Pres;Part
kick,kicking,Ger
predict,predict,Inf
fizzle,fizzle,Inf
divert,diverted,Part;Pass
interview,interviewed,Past;Fin
coin,coined,Past;Part
vote,voted,Past;Fin
co-own,co-owned,Part;Pass
win,winning,Pres;Part
remark,remarked,Past;Fin
top,topped,Past;Fin
price,priced,Part;Pass
recount,recount,Inf
venture,ventured,Past;Fin
sample,sample,Inf
taste,tasting,Ger
balance,balanced,Past;Part
laugh,laughs,Pres;Fin
legalize,legalizing,Ger
select,selected,Past;Fin
promulgate,promulgate,Inf
gain,gained,Past;Fin
acknowledge,acknowledged,Past;Part
quote,quoted,Part;Pass
purvey,purveyed,Part;Pass
handle,handle,Inf
suspect,suspect,Pres;Fin
criticize,criticized,Past;Fin
display,displays,Pres;Fin
mimick,mimicked,Past;Fin
popularize,popularize,Inf
shake,shaken,Part;Pass
pour,poured,Past;Part
laugh,laugh,Inf
recommend,recommend,Inf
amaze,amazed,Part;Pass
imply,implies,Pres;Fin
found,founded,Past;Part
intend,intending,Pres;Part
enhance,enhance,Inf
formulate,formulate,Inf
predicate,predicated,Part;Pass
shroud,shrouded,Part;Pass
intrigue,intriguing,Ger
encounter,encountered,Past;Part
preserve,preserving,Ger
prevent,prevents,Pres;Fin
anticipate,anticipating,Ger
interact,interact,Inf
dissect,dissecting,Ger
embed,embedded,Past;Fin
mount,mounted,Past;Fin
stain,stained,Past;Fin
squash,squashed,Past;Part
sting,stinging,Ger
belong,belongs,Pres;Fin
happen,happen,Inf
challenge,challenging,Pres;Part
consume,consuming,Ger
process,processing,Ger
burrow,burrow,Pres;Fin
hire,hire,Pres;Fin
vary,varies,Pres;Fin
advertise,advertise,Inf
buy,buying,Pres;Part
hire,hiring,Ger
be,'m,Pres;Fin
treat,treat,Inf
reveal,reveal,Inf
originate,originate,Inf
ask,asking,Ger
refine,refining,Ger
explain,explains,Pres;Fin
fund,funds,Pres;Fin
donate,donate,Inf
accomplish,accomplish,Inf
build,building,Ger
envision,envisioned,Past;Fin
copyright,copyrighted,Past;Part
produce,producing,Ger
appeal,appeal,Pres;Fin
pay,paying,Ger
sacrifice,sacrifice,Pres;Fin
interest,interest,Inf
cost,cost,Inf
fork,fork,Inf
demand,demand,Inf
invest,invest,Pres;Fin
create,creates,Pres;Fin
rank,ranks,Pres;Fin
enjoy,enjoyed,Past;Part
reaffirm,reaffirm,Pres;Fin
emphasize,emphasizes,Pres;Fin
merit,merit,Pres;Fin
reinforce,reinforces,Pres;Fin
overlook,overlooked,Part;Pass
challenge,challenge,Pres;Fin
mention,mention,Pres;Fin
televise,televised,Part;Pass
air,air,Inf
mediate,mediated,Part;Pass
announce,announce,Inf
educate,educate,Inf
engage,engaging,Ger
feature,features,Pres;Fin
email,emailed,Past;Fin
crystallize,crystallize,Inf
record,recording,Ger
finish,finishing,Ger
browse,browsing,Ger
re-record,re-record,Inf
celebrate,celebrates,Pres;Fin
expire,expired,Past;Part
suit,suited,Part;Pass
download,download,Inf
compete,compete,Inf
cost,costs,Pres;Fin
captain,captained,Past;Fin
fire,fired,Past;Fin
revisit,revisit,Inf
sign,signing,Ger
overshadow,overshadowed,Past;Part
injure,injured,Part;Pass
beat,beating,Ger
blow,blow,Inf
bugle,bugle,Inf
tap,tap,Inf
experience,experienced,Past;Fin
deliver,deliver,Inf
happen,happening,Pres;Part
recite,recite,Inf
express,expresses,Pres;Fin
prepare,prepared,Part;Pass
chase,chased,Part;Pass
battle,battled,Past;Part
cheer,cheer,2;Fin
shout,shout,Inf
reprint,reprinted,Past;Part
bother,bothered,Past;Part
stagger,staggered,Part;Pass
clinch,clinched,Past;Part
hand,handed,Past;Fin
broadcast,broadcast,Past;Part
flesh,flesh,Pres;Fin
contribute,contributing,Ger
whittle,whittle,Pres;Fin
brainstorm,brainstorm,Pres;Fin
assign,assign,Pres;Fin
execute,execute,Inf
add,adds,Pres;Fin
punch,punch,Pres;Fin
target,target,Inf
attack,attack,Inf
overdo,overdone,Part;Pass
spirit,spirited,Past;Part
train,training,Ger
date,dating,Pres;Part
exist,exists,Pres;Fin
crack,crack,Inf
kid,kidding,Pres;Part
liken,likened,Past;Fin
script,scripted,Past;Part
succeed,succeed,Inf
wake,wakes,Pres;Fin
defend,defending,Ger
extend,extending,Ger
replace,replaced,Part;Pass
conquer,conquer,Inf
check,check,Inf
protest,protesting,Pres;Part
endanger,endanger,Inf
enter,enter,Inf
invite,invite,Inf
replace,replace,Inf
wane,waning,Ger
dwell,dwells,Pres;Fin
arrest,arrests,Pres;Fin
commit,commit,Inf
matter,matter,Inf
eclipse,eclipse,Inf
doom,doomed,Part;Pass
repeat,repeat,Inf
kill,killing,Pres;Part
answer,answering,Pres;Part
enable,enable,Inf
knock,knocking,Pres;Part
express,express,Pres;Fin
walk,walk,Inf
commit,committed,Part;Pass
notice,notice,Pres;Fin
fail,fail,Pres;Fin
invent,invent,Inf
combine,combine,Inf
be,where,Past;Fin
interpret,interpret,Inf
cheat,cheat,Pres;Fin
document,documenting,Ger
experiment,experimenting,Ger
interest,interested,Past;Fin
thrill,thrilled,Past;Part
confront,confront,Pres;Fin
rely,relies,Pres;Fin
collect,collect,Inf
recommend,recommended,Past;Part
digress,digress,Pres;Fin
scan,scan,Inf
handle,handles,Pres;Fin
compress,compress,Pres;Fin
convert,convert,Pres;Fin
search,search,Inf
remove,removed,Past;Part
anticipate,anticipate,Inf
detect,detect,Inf
capture,captured,Part;Pass
modify,modified,Past;Part
accelerate,accelerate,Inf
simulate,simulate,Inf
honor,honored,Past;Part
consist,consists,Pres;Fin
draw,drawing,Ger
encourage,encourage,Inf
deposit,deposit,Inf
color,colored,Past;Part
face,faced,Past;Fin
control,controlled,Past;Part
grant,granted,Part;Pass
deny,denying,Ger
cite,citing,Ger
schedule,scheduled,Past;Part
rebuild,rebuild,Inf
prove,proving,Pres;Part
pack,packing,Ger
mail,mail,Inf
plan,plans,Pres;Fin
rescue,rescued,Past;Part
deploy,deployed,Part;Pass
retrieve,retrieve,Inf
rate,rates,Pres;Fin
believe,believes,Pres;Fin
unite,untied,Past;Part
criticise,criticised,Past;Part
discuss,discussing,Ger
share,share,Pres;Fin
crack,cracked,Past;Part
transport,transport,Pres;Fin
contact,contacted,Past;Fin
urge,urge,Pres;Fin
save,save,Inf
inspire,inspires,Pres;Fin
arrest,arrested,Part;Pass
range,ranging,Ger
resemble,resembled,Past;Fin
wear,wearing,Ger
handcuff,handcuffed,Past;Part
repost,reposted,Past;Part
hope,hoping,Ger
translate,translates,Pres;Fin
issue,issue,Inf
tweet,tweeted,Past;Fin
inspire,inspire,Inf
tour,tour,Inf
wish,wishes,Pres;Fin
spotlight,spotlight,Inf
approach,approached,Past;Fin
kill,killed,Past;Part
wound,wounding,Ger
bloody,bloodied,Past;Part
undergo,undergoing,Ger
arrive,arrive,Pres;Fin
enlarge,enlarge,Inf
persuade,persuaded,Part;Pass
interrogate,interrogated,Part;Pass
charge,charged,Part;Pass
sign,sign,Inf
agree,agreeing,Ger
invest,invested,Past;Part
attack,attacked,Past;Fin
motivate,motivated,Part;Pass
travel,traveled,Past;Fin
assist,assist,Inf
proceed,proceeded,Past;Fin
cooperate,cooperated,Past;Fin
rout,routed,Past;Fin
route,route,Inf
proceed,proceeding,Ger
black,blacked,Past;Part
deposit,deposited,Part;Pass
ply,plied,Past;Fin
characterize,characterizing,Ger
deal,dealt,Part;Pass
request,requested,Past;Fin
face,facing,Ger
frame,frame,Inf
emerge,emerge,Pres;Fin
step,step,Pres;Fin
veto,veto,Inf
defeat,defeated,Part;Pass
defeat,defeating,Ger
re-elect,re-elected,Past;Part
resign,resigned,Past;Fin
elect,elects,Pres;Fin
cross,crossing,Ger
sprawl,sprawled,Past;Fin
don,donned,Past;Fin
launch,launch,Inf
animate,animated,Past;Part
suit,suit,Inf
deduct,deducted,Part;Pass
distribute,distribute,Inf
fundrais,fundraising,Pres;Part
pose,pose,Pres;Fin
shoot,shoot,Inf
costume,costumed,Past;Part
prefer,prefer,Inf
mirror,mirror,Inf
engrave,engraved,Part;Pass
intend,intends,Pres;Fin
favour,favoured,Past;Fin
select,selecting,Ger
cause,causing,Ger
label,labelled,Past;Part
remove,remove,Inf
comply,complying,Pres;Part
host,hosting,Ger
dub,dubbed,Past;Fin
characterize,characterized,Past;Fin
wage,waging,Pres;Part
file,filed,Part;Pass
mail,mailing,Ger
raid,raided,Part;Pass
declare,declares,Pres;Fin
bombard,bombarding,Ger
be,s,Pres;Fin
overload,overload,Inf
crash,crash,Inf
state,stating,Ger
load,loads,Pres;Fin
load,loading,Pres;Part
theorize,theorized,Past;Fin
wait,waits,Pres;Fin
persuade,persuade,Inf
update,update,Inf
slip,slipping,Pres;Part
account,accounted,Past;Fin
gain,gaining,Pres;Part
conclude,concluded,Past;Fin
surge,surge,Inf
design,design,Pres;Fin
gear,geared,Past;Part
accommodate,accommodate,Inf
put,putting,Ger
hack,hacked,Part;Pass
rate,rated,Part;Pass
ship,shipped,Past;Fin
outlive,outlived,Past;Part
claim,claims,Pres;Fin
own,owned,Past;Part
disconnect,disconnect,Inf
transfer,transferred,Past;Part
task,tasked,Part;Pass
charge,charge,Pres;Fin
misrepresent,misrepresenting,Ger
quote,quoting,Ger
prepare,prepare,Inf
perpetrate,perpetrated,Past;Fin
fire,firing,Ger
deserve,deserves,Pres;Fin
broadcast,broadcasts,Pres;Fin
dispatch,dispatched,Part;Pass
command,command,Inf
destroy,destroy,Inf
evacuate,evacuated,Past;Fin
retaliate,retaliated,Past;Fin
broadcast,broadcasting,Ger
light,lights,Pres;Fin
crowd,crowded,Past;Fin
witness,witness,Inf
light,light,Inf
rotate,rotating,Ger
equip,equipped,Past;Part
revolve,revolves,Pres;Fin
symbolize,symbolizes,Pres;Fin
mark,marking,Ger
grow,grows,Pres;Fin
expect,expects,Pres;Fin
sponsor,sponsored,Past;Part
flock,flock,Pres;Fin
mill,milling,Ger
swamp,swamped,Part;Pass
head,head,Inf
prompt,prompting,Ger
commute,commuting,Ger
dwindle,dwindled,Past;Part
miss,missed,Past;Fin
substitute,substituted,Past;Fin
book,booked,Part;Pass
concede,conceded,Past;Fin
confirm,confirming,Ger
equalise,equalise,Inf
attack,attacking,Ger
double,doubled,Past;Fin
score,scoring,Ger
equalise,equalising,Ger
co-ordinate,co-ordinated,Past;Part
trip,tripped,Past;Part
install,installing,Ger
pad,padded,Past;Part
install,installed,Past;Part
trample,trampled,Part;Pass
collaspe,collasped,Past;Fin
recognise,recognising,Ger
assure,assure,Inf
advance,advanced,Part;Pass
tax,tax,Inf
quit,quit,Inf
finance,finance,Inf
modify,modify,Inf
encourage,encouraging,Pres;Part
donate,donated,Past;Part
cultivate,cultivating,Pres;Part
base,bases,Pres;Fin
seed,seeded,Past;Part
decentralize,decentralized,Past;Part
disseminate,disseminate,Inf
coincide,coincided,Past;Fin
exhibit,exhibit,Inf
exhibit,exhibited,Past;Part
combine,combining,Ger
intrigue,intrigued,Part;Pass
dress,dress,Pres;Fin
socialize,socialize,Pres;Fin
hang,hanging,Pres;Part
roll,rolling,Ger
consume,consumed,Past;Fin
paint,painting,Ger
commercialize,commercialize,Inf
smack,smacked,Past;Fin
note,noting,Ger
adorn,adorned,Past;Part
don,don,Inf
analyse,analyse,Pres;Fin
analyse,analysed,Past;Part
decrease,decreasing,Ger
examine,examined,Past;Part
offset,offsetting,Ger
reinforce,reinforcing,Ger
note,notes,Pres;Fin
damage,damaging,Ger
affect,affects,Pres;Fin
decline,declined,Past;Part
rule,rules,Pres;Fin
associate,associate,Inf
worship,worship,Inf
estimate,estimates,Pres;Fin
survive,surviving,Ger
coordinate,coordinate,Inf
harmonize,harmonize,Inf
uphold,upholding,Ger
congratulate,congratulate,Inf
preside,preside,Inf
convey,convey,Inf
reign,reign,Pres;Fin
vitalize,vitalized,Past;Fin
strengthen,strengthen,Inf
commend,commended,Past;Fin
enshrine,enshrined,Past;Part
enforce,enforcing,Pres;Part
prevail,prevailing,Pres;Part
guide,guided,Part;Pass
cooperate,cooperating,Pres;Part
continue,continuing,Ger
specialize,specialized,Past;Part
strengthen,strengthening,Ger
pend,pending,Ger
appreciate,appreciates,Pres;Fin
assume,assuming,Ger
redeem,redeem,Inf
sleep,sleeps,Pres;Fin
awake,awake,Inf
suppress,suppressed,Past;Part
forget,forgotten,Past;Part
discover,discovers,Pres;Fin
celebrate,celebrate,Pres;Fin
await,await,Pres;Fin
grasp,grasp,Inf
rest,rests,Pres;Fin
represent,representing,Ger
endure,endured,Past;Part
beckon,beckons,Pres;Fin
fulfill,fulfill,Inf
labour,labour,Inf
knit,knit,Part;Pass
blame,blaming,Ger
dwell,dwell,Inf
cling,clings,Pres;Fin
rise,rises,Pres;Fin
cherish,cherished,Past;Part
materialize,materializes,Pres;Fin
betray,betrayed,Part;Pass
rejoice,rejoice,Pres;Fin
surround,surround,Pres;Fin
encompass,encompass,Pres;Fin
embody,embodying,Ger
light,lighted,Past;Fin
stray,strayed,Past;Part
succeed,succeeding,Ger
send,send,Pres;Fin
pledge,pledge,Pres;Fin
cooperate,cooperate,Inf
further,furthering,Ger
bind,bind,Pres;Fin
announce,announcing,Ger
resign,resign,Inf
persevere,persevere,Inf
complete,complete,Inf
justify,justify,Inf
destabilize,destabilizing,Ger
prefer,preferred,Past;Part
urge,urged,Past;Fin
absorb,absorb,Inf
swear,sworn,Part;Pass
nominate,nominated,Past;Fin
assume,assumes,Pres;Fin
deserve,deserve,Inf
rediscover,rediscover,Inf
hasten,hastened,Past;Part
regret,regret,Pres;Fin
affirm,affirming,Ger
complete,completing,Ger
serve,serving,Ger
reach,reaching,Ger
prevent,prevented,Past;Fin
unlock,unlocked,Past;Part
register,registered,Past;Part
interfere,interfere,Inf
greet,greeted,Part;Pass
benefit,benefited,Past;Fin
count,counts,Pres;Fin
promise,promise,Inf
strive,strive,Inf
sail,sailing,Pres;Part
thank,thanking,Ger
invite,inviting,Ger
transform,transforming,Ger
seek,seeks,Pres;Fin
embrace,embraced,Past;Part
reput,reputed,Part;Pass
address,addressing,Ger
award,awarding,Ger
license,licensed,Past;Part
accelerate,accelerating,Ger
roll,rolled,Past;Fin
pilot,pilot,Inf
steer,steer,Inf
align,align,Inf
launch,launching,Ger
review,reviewing,Pres;Part
assure,assured,Part;Pass
enable,enables,Pres;Fin
emphasize,emphasize,Inf
resonate,resonates,Pres;Fin
place,places,Pres;Fin
re-purpose,re-purpose,Inf
represent,represented,Past;Part
emulate,emulating,Ger
translate,translate,Inf
couple,coupled,Past;Part
access,accessing,Ger
marginalize,marginalized,Past;Part
emulate,emulate,Inf
applaud,applaud,Inf
optimize,optimize,Inf
declare,declare,Inf
tower,tower,Sing;Inf
sweat,sweated,Past;Fin
beat,beat,Inf
send,sends,Pres;Fin
send,sending,Pres;Part
assume,assume,Pres;Fin
destabilize,destabilize,Inf
talk,talks,Pres;Fin
perceive,perceiving,Pres;Part
plan,planning,Ger
remember,remembering,Ger
encompass,encompasses,Pres;Fin
integrate,integrate,Pres;Fin
organize,organize,Pres;Fin
wake,waking,Ger
contemplate,contemplating,Ger
attempt,attempts,Pres;Fin
handle,handling,Ger
transmitt,transmitted,Part;Pass
process,processes,Pres;Fin
filter,filtered,Past;Part
process,processed,Past;Part
observe,observing,Ger
categorize,categorizing,Ger
refine,refine,Pres;Fin
guide,guiding,Ger
function,function,Pres;Fin
collaborate,collaborate,Pres;Fin
relate,relates,Pres;Fin
concern,concern,Pres;Fin
affirm,affirm,Inf
foist,foisted,Past;Part
argue,argued,Past;Part
mention,mentioning,Ger
embrace,embrace,Inf
wit,wit,Inf
steal,stealing,Ger
astonish,astonishing,Ger
claim,claiming,Ger
mirror,mirroring,Ger
purge,purged,Part;Pass
reject,reject,Inf
illustrate,illustrates,Pres;Fin
adopt,adopt,Inf
resist,resist,Inf
interpret,interpreted,Part;Pass
reveal,revealing,Ger
raise,raises,Pres;Fin
wonder,wonder,Inf
hinder,hindering,Ger
select,select,Inf
prove,proven,Part;Pass
suit,suits,Pres;Fin
drive,drives,Pres;Fin
finish,finished,Part;Pass
accomplish,accomplished,Past;Part
race,races,Pres;Fin
dismiss,dismiss,Inf
move,moves,Pres;Fin
reread,reread,Inf
accomplish,accomplishes,Pres;Fin
spot,spot,Inf
locate,locate,2;Inf
migrate,migrated,Past;Fin
melt,melted,Past;Fin
lend,lends,Pres;Fin
populate,populated,Past;Fin
rang,ranged,Past;Fin
cradle,cradled,Past;Fin
domesticate,domesticated,Past;Part
devise,devised,Past;Fin
direct,direct,Inf
interpret,interpreting,Ger
diffuse,diffuse,Inf
craft,crafted,Past;Part
wove,woven,Past;Part
whip,whipped,Part;Pass
flourish,flourishing,Ger
irrigate,irrigate,Inf
bre,bred,Past;Fin
reclaim,reclaimed,Past;Fin
worship,worshipped,Past;Fin
weigh,weigh,Inf
cross,crossed,Past;Part
construct,constructed,Past;Fin
sacrifice,sacrificed,Part;Pass
extend,extended,Past;Fin
perfect,perfected,Past;Fin
rely,relying,Ger
last,lasted,Past;Fin
count,counting,Ger
weaken,weakened,Past;Part
record,recorded,Past;Part
fold,folding,Ger
fear,feared,Past;Fin
burn,burned,Past;Fin
fascinate,fascinates,Pres;Fin
pride,pride,Pres;Fin
express,expressing,Ger
question,question,Inf
judge,judging,Ger
compare,compares,Pres;Fin
refer,referring,Ger
connect,connects,Pres;Fin
colonize,colonized,Past;Fin
overlook,overlooking,Ger
confront,confronted,Past;Part
annoy,annoyed,Part;Pass
excite,excited,Part;Pass
behave,behave,Inf
recover,recover,Pres;Fin
hesitate,hesitated,Past;Fin
congratulate,congratulated,Past;Fin
value,value,Inf
value,valued,Past;Fin
practice,practicing,Ger
adapt,adapt,Inf
embrace,embracing,Ger
struggle,struggle,Inf
reconcile,reconcile,Inf
rectify,rectify,Inf
swe,swing,Pres;Fin
return,returns,Pres;Fin
deem,deem,Pres;Fin
warp,warped,Past;Part
travel,travels,Pres;Fin
fly,fly,Inf
cook,cooking,Ger
specify,specifies,Pres;Fin
pinpoint,pinpointed,Part;Pass
examine,examine,Pres;Fin
curve,curves,Pres;Fin
warp,warps,Pres;Fin
enter,enters,Pres;Fin
distort,distorted,Past;Part
summarize,summarized,Past;Fin
curve,curve,Inf
concentrate,concentrated,Past;Part
squeeze,squeeze,Pres;Fin
tower,towering,Ger
elapse,elapsed,Past;Part
plot,plotted,Part;Pass
warp,warp,Inf
simulate,simulating,Ger
walk,walks,Pres;Fin
distort,distort,Inf
bend,bends,Pres;Fin
distort,distorts,Pres;Fin
deviate,deviating,Ger
vlog,vlog,Inf
sign,signed,Past;Fin
incline,inclined,Past;Part
pack,pack,Inf
course,coursing,Pres;Part
knock,knocked,Past;Fin
roast,roasted,Past;Part
shit,shitting,Ger
imply,implied,Past;Fin
appreciate,appreciate,Inf
chop,chop,Inf
sizzle,sizzle,2;Fin
link,link,Inf
sound,sounding,Pres;Part
dry,dry,Inf
test,tests,Pres;Fin
cough,coughing,Pres;Part
circulate,circulates,Pres;Fin
check,checked,Past;Fin
stabilize,stabilize,Inf
notice,noticing,Ger
taste,taste,Pres;Fin
gargle,gargling,Pres;Part
smell,smelling,Ger
smell,smell,Inf
drink,drank,Past;Fin
enrich,enriched,Part;Pass
back,backing,Pres;Part
moisturize,moisturizing,Ger
infuse,infused,Past;Fin
counteract,counteracts,Pres;Fin
last,last,Inf
hike,hiking,Ger
clean,cleaned,Part;Pass
roll,roll,Inf
chill,chill,2;Inf
hike,hike,Inf
end,ending,Pres;Part
comment,comment,2;Fin
subscribe,subscribe,Inf
clear,clear,Inf
part,part,Inf
swatch,swatch,Inf
insert,insert,Inf
ring,rang,Past;Fin
separate,separating,Ger
order,ordered,Past;Fin
rub,rubbed,Past;Part
expire,expires,Pres;Fin
expire,expire,Inf
research,research,Inf
chock,chocked,Past;Part
tuck,tuck,Inf
signify,signifies,Pres;Fin
track,tracking,Ger
process,process,Inf
book,book,Inf
refer,refer,Inf
crave,craves,Pres;Fin
lag,lagged,Past;Part
jog,jogs,Pres;Fin
roar,roaring,Ger
steep,steeped,Past;Part
consist,consist,Pres;Fin
massacre,massacred,Past;Fin
enslave,enslaved,Past;Fin
fly,flies,Pres;Fin
charter,chartering,Ger
pre-organise,pre-organised,Past;Part
service,serviced,Past;Part
arise,arises,Pres;Fin
notify,notify,Inf
near,near,Pres;Fin
rent,rent,Inf
warrant,warranted,Part;Pass
meander,meander,Inf
boast,boasts,Pres;Fin
shelter,sheltered,Past;Part
utilise,utilise,Pres;Fin
blood,blooded,Past;Part
commemorate,commemorate,Inf
bless,blessed,Past;Part
rank,ranked,Part;Pass
marvel,marvelled,Past;Part
boast,boasted,Past;Part
list,list,Pres;Fin
purchase,purchased,Past;Part
board,boarding,Ger
depart,departing,Ger
renew,renew,Pres;Fin
depart,depart,Inf
enjoy,enjoying,Ger
publicize,publicized,Part;Pass
comprise,comprised,Part;Pass
pile,piled,Part;Pass
situate,situated,Part;Pass
house,houses,Pres;Fin
border,bordered,Part;Pass
access,accessed,Part;Pass
dwarf,dwarfed,Part;Pass
park,park,Inf
cluster,clustered,Part;Pass
park,parking,Ger
evacuate,evacuate,Inf
motorize,motorized,Past;Part
shop,shopping,Ger
contact,contact,2;Fin
freeze,frozen,Past;Part
sport,sporting,Ger
compose,composed,Past;Part
renown,renowned,Past;Part
frequent,frequented,Part;Pass
vary,very,Inf
sample,sampling,Ger
relax,relaxed,Past;Part
enjoy,enjoys,Pres;Fin
allocate,allocated,Part;Pass
rebuild,rebuilt,Past;Fin
picnic,picnic,Inf
regard,regarded,Past;Part
roam,roam,Inf
inscribe,inscribed,Past;Part
house,house,Inf
battle,battling,Pres;Part
reposition,repositioning,Pres;Part
owe,owing,Ger
repurpose,repurposed,Past;Part
ensure,ensures,Pres;Fin
refer,referred,Part;Pass
soar,soared,Past;Fin
inhabit,inhabited,Part;Pass
depict,depicts,Pres;Fin
bustle,bustling,Ger
incorporate,incorporated,Part;Pass
rename,renamed,Part;Pass
endure,endure,Inf
starve,starved,Past;Part
campaign,campaigning,Ger
capitalize,capitalizing,Pres;Part
renovate,renovated,Past;Part
reuse,reused,Past;Part
fuel,fueled,Past;Part
drift,drift,Pres;Fin
stroll,stroll,Pres;Fin
dine,dine,Pres;Fin
photograph,photograph,Inf
crawl,crawl,Inf
swim,swim,Inf
maintain,maintains,Pres;Fin
list,listing,Ger
merge,merged,Past;Part
commence,commenced,Past;Fin
ensure,insured,Past;Fin
plant,planted,Part;Pass
ensure,ensured,Past;Fin
relocate,relocate,Inf
flourish,flourish,Inf
freeze,freeze,Inf
number,numbered,Part;Pass
designate,designated,Part;Pass
value,values,Pres;Fin
camp,camping,Pres;Part
barbeque,barbeque,Inf
purchase,purchase,Inf
import,importing,Ger
ooze,oozes,Pres;Fin
thrive,thrives,Pres;Fin
bloom,blooming,Ger
comprise,comprising,Ger
spare,spared,Part;Pass
form,forms,Pres;Fin
peak,peaking,Ger
protect,protected,Past;Part
migrate,migrates,Pres;Fin
plough,ploughing,Ger
reach,reached,Part;Pass
rent,renting,Ger
map,mapped,Past;Part
ease,ease,Inf
circle,circles,Pres;Fin
desire,desired,Past;Part
do,to,Inf
arrange,arrange,Inf
prearrange,pre,Past;Part
cross,crosses,Pres;Fin
restock,restocked,Part;Pass
permit,permitted,Part;Pass
order,ordering,Ger
love,loving,Ger
tour,toured,Past;Part
rest,rest,Inf
gallivant,gallivanting,Ger
bow,bow,Pres;Fin
practise,practised,Past;Part
dictate,dictate,Pres;Fin
salute,salute,Pres;Fin
wai,wai,Inf
reciprocate,reciprocate,Inf
wai,wai'd,Past;Part
shake,shake,Inf
wai,waiing,Ger
dress,dressing,Ger
lower,lowering,Ger
cap,capped,Past;Part
view,view,Pres;Fin
slip,slip,Pres;Fin
cover,covers,Pres;Fin
advise,advised,Part;Pass
place,place,Inf
aid,aided,Part;Pass
lie,lies,Pres;Fin
receive,receives,Pres;Fin
span,spans,Pres;Fin
repeat,repeating,Ger
divide,dividing,Ger
intersect,intersect,Pres;Fin
plat,platted,Part;Pass
date,dates,Pres;Fin
vie,vying,Ger
proclaim,proclaimed,Part;Pass
dot,dotted,Past;Part
stay,staying,Pres;Part
arrive,arriving,Ger
cross,cross,Inf
eavesdrop,eavesdrop,2;Fin
generalize,generalize,Inf
impose,impose,Inf
upset,upset,Part;Pass
gauge,gauge,2;Fin
enrage,enraged,Part;Pass
revolve,revolve,Inf
counteract,counteract,Inf
frighten,frightens,Pres;Fin
contend,contend,Inf
accept,accepting,Ger
behave,behaves,Pres;Fin
control,control,Inf
hurt,hurts,Pres;Fin
intrude,intrudes,Pres;Fin
acknowledge,acknowledging,Ger
contradict,contradict,Pres;Fin
cater,caters,Pres;Fin
interact,interacting,Pres;Part
compensate,compensate,Pres;Fin
insult,insult,Pres;Fin
dance,dance,Inf
retain,retain,Pres;Fin
loosen,loosen,Inf
elongate,elongate,Inf
warm,warm,Inf
wind,wind,Inf
flex,flexed,Past;Part
pointe,pointe,Pres;Fin
complete,completes,Pres;Fin
form,forming,Pres;Part
practice,practice,Inf
perfect,perfecting,Ger
correct,correct,Inf
correct,correcting,Ger
position,position,2;Fin
care,caring,Ger
harvest,harvesting,Ger
transform,transforms,Pres;Fin
outline,outlines,Pres;Fin
plant,plant,Inf
harvest,harvest,Inf
order,order,2;Fin
smell,smells,Pres;Fin
risk,risking,Ger
damage,damaged,Part;Pass
consult,consult,2;Fin
dampen,dampen,2;Fin
germinate,germinate,Inf
drop,drop,2;Fin
sprinkle,sprinkle,2;Fin
push,push,Inf
water,watering,Ger
mature,mature,Pres;Fin
transplant,transplant,Inf
drain,drained,Past;Part
dig,dig,Inf
space,spaced,Past;Part
pat,pat,2;Fin
soak,soaked,Past;Part
subject,subjected,Part;Pass
evaporate,evaporate,Inf
pinch,pinch,2;Fin
bolt,bolting,Ger
weed,weed,2;Fin
prune,prune,2;Fin
mature,matures,Pres;Fin
reach,reaches,Pres;Fin
damage,damage,Inf
pinch,pinching,Ger
rinse,rinse,2;Fin
store,store,2;Fin
store,storing,Ger
freeze,freezing,Ger
puree,puree,Pres;Fin
hypnotize,hypnotize,Inf
fool,fool,Inf
hypnotize,hypnotizing,Ger
wiggle,wiggle,2;Fin
squawk,squawking,Ger
hypnotize,hypnotized,Part;Pass
clap,clapping,Ger
clap,clap,2;Fin
jump,jumps,Pres;Fin
lower,lowers,Pres;Fin
blink,blink,Inf
risk,risks,Pres;Fin
lay,laying,Ger
cut,cutting,Ger
stress,stressed,Past;Part
toss,toss,Pres;Fin
flavor,flavored,Past;Part
guarantee,guaranteed,Part;Pass
opt,opt,Pres;Fin
sift,sifted,Past;Part
preheat,preheat,2;Fin
mold,molded,Past;Part
stir,stir,2;Fin
curdle,curdle,Inf
mix,mix,2;Fin
brown,browning,Pres;Part
cool,cool,Inf
ice,ice,2;Fin
bake,baking,Ger
mix,mixing,Ger
pour,pour,2;Fin
whisk,whisk,2;Fin
frost,frost,2;Fin
puree,pureed,Past;Part
flavor,flavoring,Ger
substitute,substituting,Ger
work,works,Pres;Fin
experiment,experiment,Inf
annoy,annoy,Inf
ding,dinging,Ger
sing,sing,Inf
caw,cawing,Ger
adjust,adjusting,Ger
bob,bobbing,Ger
tap,tapping,Ger
dilly,dilly,Inf
dally,dally,Inf
pretend,pretend,Inf
exclaim,exclaim,2;Fin
confirm,confirm,2;Fin
panic,panic,Inf
flirt,flirt,Inf
flirt,flirting,Ger
jump,jump,Inf
text,text,2;Fin
respond,responding,Ger
strike,striking,Ger
respond,responds,Pres;Fin
proceed,proceed,2;Fin
pry,pry,2;Fin
joke,joke,2;Fin
drown,drowning,Ger
taste,tasted,Past;Fin
woo,wooing,Ger
gush,gushing,Ger
shove,shoving,Ger
swallow,swallow,2;Fin
bathe,bathe,2;Inf
expose,expose,2;Inf
distil,distilled,Past;Part
party,partying,Ger
glow,glow,Inf
seal,seal,Inf
fill,filling,Ger
name,name,2;Fin
base,basing,Ger
invent,invented,Past;Part
spread,spreading,Ger
spell,spelling,Ger
copy,copying,Ger
embolden,embolden,Inf
email,email,2;Fin
branch,branches,Pres;Fin
curb,curb,2;Fin
cram,cram,Inf
stack,stack,Inf
tape,tape,2;Fin
lift,lift,Inf
balance,balance,2;Fin
smudge,smudge,Inf
label,label,2;Fin
unpack,unpack,Inf
reassemble,reassemble,Inf
stock,stocking,Pres;Part
sneak,sneak,Inf
re-use,re-use,Inf
stash,stash,Inf
trip,tripping,Pres;Part
cope,cope,Inf
malfunction,malfunction,Inf
rush,rushing,Ger
control,controlling,Ger
entreat,entreat,2;Fin
malfunction,malfunctioned,Past;Part
signal,signal,2;Fin
signal,signalling,Ger
hook,hook,Inf
deploy,deploy,2;Fin
multiply,multiply,Inf
hook,hooking,Ger
dislocate,dislocate,Inf
steer,steered,Part;Pass
constitute,constitutes,Pres;Fin
contemplate,contemplate,2;Fin
trouble,troubling,Pres;Part
comfort,comfort,2;Fin
beat,beaten,Past;Part
approach,approaches,Pres;Fin
dislocate,dislocated,Past;Part
tread,tread,Inf
drag,drags,Pres;Fin
land,land,Pres;Fin
paralyze,paralyzed,Part;Pass
aim,aiming,Ger
procrastinate,procrastinating,Ger
overcome,overcoming,Ger
diminish,diminishing,Ger
re-evaluate,re-evaluate,2;Fin
tackle,tackle,2;Fin
loom,looming,Ger
bog,bogging,Pres;Part
push,pushing,Pres;Part
force,force,2;Fin
time,timed,Past;Part
assign,assigned,Part;Pass
allot,allotted,Past;Part
force,forces,Pres;Fin
afford,afford,Inf
waste,waste,Inf
daydream,daydreaming,Pres;Part
ignore,ignoring,Ger
deflate,deflated,Part;Pass
score,score,Inf
throw,throwing,Ger
peg,peg,Inf
peg,pegged,Part;Pass
guard,guard,Pres;Fin
block,block,Inf
catch,catches,Pres;Fin
hide,hide,Inf
tag,tag,Inf
evade,evade,Inf
snatch,snatches,Pres;Fin
shorten,shortened,Past;Part
blindfold,blindfolded,Past;Part
hydrate,hydrated,Past;Part
sow,sow,Inf
impart,impart,Pres;Fin
toast,toast,2;Fin
drizzle,drizzle,2;Fin
cook,cook,2;Fin
reduce,reduce,2;Fin
simmer,simmer,2;Fin
uncover,uncover,Neg;Fin
fluff,fluff,2;Fin
place,placing,Ger
heat,heat,2;Fin
sweat,sweat,2;Fin
cook,cooked,Part;Pass
skittle,skittled,Past;Part
infuse,infuse,Inf
separate,separate,2;Fin
flavor,flavor,Inf
mind,mind,Inf
dissolve,dissolved,Part;Pass
filter,filter,2;Fin
desire,desire,Pres;Fin
mix,mixes,Pres;Fin
strain,strain,2;Fin
refrigerate,refrigerate,2;Fin
line,line,2;Fin
dissolve,dissolve,Inf
scoop,scoop,Inf
dissolve,dissolves,Pres;Fin
